TrialID,TaskID,TrialState,CameraPosition.x,CameraPosition.y,CameraPosition.z
1,Training,OnTask,-0.4374422,1.613984,-0.9547891
1,Training,OnTask,-0.4371911,1.614012,-0.9546783
1,Training,OnTask,-0.4369801,1.614023,-0.9546215
1,Training,OnTask,-0.4368938,1.613996,-0.9546439
1,Training,OnTask,-0.4367455,1.614055,-0.9547257
1,Training,OnTask,-0.4366894,1.614062,-0.9547445
1,Training,OnTask,-0.4366216,1.613995,-0.9547886
1,Training,OnTask,-0.4364737,1.613981,-0.9548223
1,Training,OnTask,-0.4364506,1.613995,-0.9548787
1,Training,OnTask,-0.4362905,1.614009,-0.9549577
1,Training,OnTask,-0.4362635,1.614017,-0.9550081
1,Training,OnTask,-0.4361611,1.613936,-0.9550166
1,Training,OnTask,-0.4360903,1.613864,-0.9550048
1,Training,OnTask,-0.4359183,1.613897,-0.9550647
1,Training,OnTask,-0.4358579,1.613896,-0.9550809
1,Training,OnTask,-0.4358764,1.613777,-0.9550521
1,Training,OnTask,-0.4358613,1.613731,-0.9550979
1,Training,OnTask,-0.4357946,1.613589,-0.9550964
1,Training,OnTask,-0.4357809,1.613589,-0.9551352
1,Training,OnTask,-0.4356219,1.613626,-0.9552397
1,Training,OnTask,-0.435593,1.613662,-0.955309
1,Training,OnTask,-0.4354949,1.613588,-0.9554117
1,Training,OnTask,-0.4355078,1.613517,-0.9554533
1,Training,OnTask,-0.4356995,1.613213,-0.9553165
1,Training,OnTask,-0.4357569,1.613102,-0.9552287
1,Training,OnTask,-0.4360147,1.612796,-0.9547822
1,Training,OnTask,-0.4362248,1.61247,-0.9542443
1,Training,OnTask,-0.436349,1.612181,-0.9539924
1,Training,OnTask,-0.436667,1.611532,-0.9533067
1,Training,OnTask,-0.4368553,1.611116,-0.9529928
1,Training,OnTask,-0.4372703,1.610044,-0.9522988
1,Training,OnTask,-0.4374329,1.609452,-0.9519346
1,Training,OnTask,-0.4377868,1.608225,-0.9511606
1,Training,OnTask,-0.4382134,1.607098,-0.9503559
1,Training,OnTask,-0.4383719,1.606527,-0.9499566
1,Training,OnTask,-0.4387416,1.605338,-0.9492515
1,Training,OnTask,-0.438936,1.60472,-0.9489013
1,Training,OnTask,-0.4393552,1.603531,-0.9481868
1,Training,OnTask,-0.4398713,1.602357,-0.9474814
1,Training,OnTask,-0.4404649,1.601201,-0.946763
1,Training,OnTask,-0.4410673,1.60014,-0.9460987
1,Training,OnTask,-0.4417401,1.599021,-0.9455531
1,Training,OnTask,-0.4423853,1.597984,-0.945079
1,Training,OnTask,-0.44313,1.597024,-0.9446917
1,Training,OnTask,-0.4436898,1.596243,-0.9443744
1,Training,OnTask,-0.4442543,1.59565,-0.9441628
1,Training,OnTask,-0.4446681,1.595241,-0.9440394
1,Training,OnTask,-0.444988,1.594969,-0.9441198
1,Training,OnTask,-0.4452359,1.594736,-0.9443476
1,Training,OnTask,-0.4455116,1.594669,-0.9446515
1,Training,OnTask,-0.4457652,1.594681,-0.9450648
1,Training,OnTask,-0.4459321,1.595005,-0.9455819
1,Training,OnTask,-0.4460584,1.595572,-0.9462318
1,Training,OnTask,-0.4461433,1.596361,-0.9469715
1,Training,OnTask,-0.4462177,1.597361,-0.9478199
1,Training,OnTask,-0.4462343,1.598758,-0.9488157
1,Training,OnTask,-0.4461023,1.600334,-0.9500217
1,Training,OnTask,-0.4458978,1.601984,-0.9514786
1,Training,OnTask,-0.4456062,1.603442,-0.9531056
1,Training,OnTask,-0.4452147,1.604928,-0.9549133
1,Training,OnTask,-0.4448875,1.606331,-0.9568037
1,Training,OnTask,-0.4445598,1.607869,-0.9586753
1,Training,OnTask,-0.4442846,1.609282,-0.9605576
1,Training,OnTask,-0.4441607,1.609923,-0.9614881
1,Training,OnTask,-0.4439785,1.610788,-0.9632649
1,Training,OnTask,-0.4439008,1.61114,-0.964092
1,Training,OnTask,-0.443835,1.611727,-0.9655926
1,Training,OnTask,-0.4438249,1.612011,-0.9663424
1,Training,OnTask,-0.4438953,1.612633,-0.9676156
1,Training,OnTask,-0.4438694,1.612898,-0.9682175
1,Training,OnTask,-0.4439177,1.613338,-0.9691672
1,Training,OnTask,-0.4438873,1.613553,-0.9695588
1,Training,OnTask,-0.4438489,1.613839,-0.9702957
1,Training,OnTask,-0.4438356,1.613892,-0.9705352
1,Training,OnTask,-0.4437698,1.61391,-0.9709098
1,Training,OnTask,-0.4437048,1.613933,-0.9711037
1,Training,OnTask,-0.443571,1.61405,-0.9712888
1,Training,OnTask,-0.4435022,1.614104,-0.9713418
1,Training,OnTask,-0.4432107,1.614055,-0.9713492
1,Training,OnTask,-0.4431268,1.613973,-0.9713154
1,Training,OnTask,-0.44293,1.613801,-0.9712403
1,Training,OnTask,-0.4428014,1.613701,-0.9711463
1,Training,OnTask,-0.4425034,1.613618,-0.9709997
1,Training,OnTask,-0.4423462,1.613612,-0.9709144
1,Training,OnTask,-0.4419446,1.613704,-0.9707973
1,Training,OnTask,-0.4417006,1.613768,-0.9707395
1,Training,OnTask,-0.4411214,1.613792,-0.9706181
1,Training,OnTask,-0.4407838,1.613818,-0.9706024
1,Training,OnTask,-0.440067,1.613853,-0.9706352
1,Training,OnTask,-0.4396998,1.613897,-0.9706364
1,Training,OnTask,-0.4388577,1.614013,-0.9706571
1,Training,OnTask,-0.4383756,1.614051,-0.9707063
1,Training,OnTask,-0.4374041,1.614125,-0.9707077
1,Training,OnTask,-0.4368458,1.614181,-0.9707115
1,Training,OnTask,-0.4357136,1.614359,-0.9707421
1,Training,OnTask,-0.435172,1.614453,-0.9707563
1,Training,OnTask,-0.4340385,1.614643,-0.97074
1,Training,OnTask,-0.4335181,1.614703,-0.9707294
1,Training,OnTask,-0.4329613,1.614785,-0.9707063
1,Training,OnTask,-0.4318964,1.614884,-0.9707497
1,Training,OnTask,-0.4314201,1.61494,-0.970713
1,Training,OnTask,-0.4305252,1.615038,-0.9706119
1,Training,OnTask,-0.430122,1.615083,-0.970564
1,Training,OnTask,-0.4293806,1.615229,-0.9703869
1,Training,OnTask,-0.4290383,1.6153,-0.9702911
1,Training,OnTask,-0.4284014,1.615437,-0.9700742
1,Training,OnTask,-0.4281126,1.615457,-0.9699129
1,Training,OnTask,-0.4275045,1.615515,-0.9696274
1,Training,OnTask,-0.427217,1.615582,-0.969502
1,Training,OnTask,-0.4269865,1.615606,-0.9692702
1,Training,OnTask,-0.4266012,1.615626,-0.9687239
1,Training,OnTask,-0.4264125,1.615676,-0.9684701
1,Training,OnTask,-0.4261469,1.615657,-0.9679964
1,Training,OnTask,-0.4260623,1.615594,-0.9677026
1,Training,OnTask,-0.426065,1.615531,-0.9670181
1,Training,OnTask,-0.4260483,1.615536,-0.9666824
1,Training,OnTask,-0.4259542,1.615412,-0.965986
1,Training,OnTask,-0.4259279,1.615327,-0.9656254
1,Training,OnTask,-0.4259002,1.615188,-0.9649203
1,Training,OnTask,-0.4258429,1.6152,-0.9646219
1,Training,OnTask,-0.4258417,1.615184,-0.964244
1,Training,OnTask,-0.4258583,1.61509,-0.9634936
1,Training,OnTask,-0.4259079,1.61502,-0.9631095
1,Training,OnTask,-0.4260946,1.61488,-0.9622685
1,Training,OnTask,-0.4261138,1.614879,-0.9618661
1,Training,OnTask,-0.4262663,1.614876,-0.961055
1,Training,OnTask,-0.4264186,1.614892,-0.960649
1,Training,OnTask,-0.4267562,1.614913,-0.9597934
1,Training,OnTask,-0.4269666,1.614923,-0.9593354
1,Training,OnTask,-0.4274528,1.614989,-0.9584154
1,Training,OnTask,-0.4277465,1.615034,-0.9579653
1,Training,OnTask,-0.4283863,1.615116,-0.9569808
1,Training,OnTask,-0.4287399,1.615163,-0.9564556
1,Training,OnTask,-0.4294791,1.615121,-0.9554344
1,Training,OnTask,-0.4297698,1.615142,-0.9549195
1,Training,OnTask,-0.430479,1.615119,-0.9537996
1,Training,OnTask,-0.4307806,1.615135,-0.9532682
1,Training,OnTask,-0.4313421,1.61512,-0.9521253
1,Training,OnTask,-0.4316106,1.615098,-0.951545
1,Training,OnTask,-0.4321389,1.614967,-0.9504029
1,Training,OnTask,-0.4324908,1.614886,-0.9497742
1,Training,OnTask,-0.4331193,1.614592,-0.9485173
1,Training,OnTask,-0.4333852,1.614503,-0.9478604
1,Training,OnTask,-0.4340907,1.6143,-0.9465197
1,Training,OnTask,-0.4343956,1.614177,-0.9458607
1,Training,OnTask,-0.4350227,1.613831,-0.9445927
1,Training,OnTask,-0.4356533,1.613346,-0.9432517
1,Training,OnTask,-0.435959,1.612925,-0.9425299
1,Training,OnTask,-0.4366657,1.611796,-0.9409082
1,Training,OnTask,-0.4370131,1.611028,-0.9400336
1,Training,OnTask,-0.4378696,1.609232,-0.9381403
1,Training,OnTask,-0.438298,1.608155,-0.9370881
1,Training,OnTask,-0.4392073,1.605762,-0.9349245
1,Training,OnTask,-0.4402224,1.602988,-0.9325652
1,Training,OnTask,-0.4412559,1.600163,-0.9301239
1,Training,OnTask,-0.4424307,1.59709,-0.9274964
1,Training,OnTask,-0.4435938,1.593917,-0.9249831
1,Training,OnTask,-0.4449974,1.5908,-0.9223256
1,Training,OnTask,-0.446421,1.587688,-0.9197607
1,Training,OnTask,-0.4479354,1.584875,-0.9172422
1,Training,OnTask,-0.4495484,1.582178,-0.9147451
1,Training,OnTask,-0.4513889,1.579522,-0.9122194
1,Training,OnTask,-0.4533427,1.576767,-0.9098258
1,Training,OnTask,-0.4555842,1.573653,-0.9074447
1,Training,OnTask,-0.457683,1.570643,-0.9056001
1,Training,OnTask,-0.4618135,1.565943,-0.9016829
1,Training,OnTask,-0.4639663,1.564859,-0.9001865
1,Training,OnTask,-0.4664645,1.56372,-0.898764
1,Training,OnTask,-0.4690563,1.562631,-0.8975527
1,Training,OnTask,-0.4715766,1.562058,-0.8963263
1,Training,OnTask,-0.473965,1.561946,-0.8951029
1,Training,OnTask,-0.4766196,1.561819,-0.893838
1,Training,OnTask,-0.4792147,1.561633,-0.8925943
1,Training,OnTask,-0.4819903,1.561377,-0.8913711
1,Training,OnTask,-0.4849155,1.56086,-0.8902174
1,Training,OnTask,-0.4877695,1.560675,-0.8889749
1,Training,OnTask,-0.4904945,1.560515,-0.8877015
1,Training,OnTask,-0.4933158,1.560193,-0.8866124
1,Training,OnTask,-0.4960695,1.559717,-0.8853986
1,Training,OnTask,-0.4988376,1.558947,-0.8841929
1,Training,OnTask,-0.5016078,1.558389,-0.8828803
1,Training,OnTask,-0.5043718,1.557985,-0.8814868
1,Training,OnTask,-0.5069857,1.557745,-0.8800567
1,Training,OnTask,-0.5096006,1.557486,-0.8787147
1,Training,OnTask,-0.5122648,1.557175,-0.8774832
1,Training,OnTask,-0.5149546,1.556949,-0.8762739
1,Training,OnTask,-0.5174432,1.556926,-0.8748834
1,Training,OnTask,-0.5199029,1.556986,-0.8734086
1,Training,OnTask,-0.5222775,1.556937,-0.8721006
1,Training,OnTask,-0.5245094,1.556779,-0.8708732
1,Training,OnTask,-0.5266421,1.556554,-0.8696024
1,Training,OnTask,-0.5285917,1.556468,-0.8684286
1,Training,OnTask,-0.5304112,1.556448,-0.8671845
1,Training,OnTask,-0.5321088,1.556516,-0.8660501
1,Training,OnTask,-0.533534,1.556523,-0.8649579
1,Training,OnTask,-0.5348278,1.556511,-0.863894
1,Training,OnTask,-0.5358616,1.556514,-0.8627405
1,Training,OnTask,-0.5367025,1.556427,-0.8616383
1,Training,OnTask,-0.5373302,1.556457,-0.8605563
1,Training,OnTask,-0.5377927,1.556286,-0.8595796
1,Training,OnTask,-0.5383081,1.55621,-0.8586182
1,Training,OnTask,-0.5386797,1.556273,-0.8576737
1,Training,OnTask,-0.5391035,1.556259,-0.8567542
1,Training,OnTask,-0.5393845,1.556342,-0.8558795
1,Training,OnTask,-0.539544,1.556286,-0.8550107
1,Training,OnTask,-0.53978,1.556347,-0.854311
1,Training,OnTask,-0.5404179,1.556448,-0.8536687
1,Training,OnTask,-0.5410088,1.55656,-0.8530385
1,Training,OnTask,-0.5416269,1.556746,-0.8524613
1,Training,OnTask,-0.5421451,1.556944,-0.8520833
1,Training,OnTask,-0.5429674,1.557221,-0.8518924
1,Training,OnTask,-0.5440626,1.557492,-0.8518599
1,Training,OnTask,-0.5448278,1.557555,-0.8520128
1,Training,OnTask,-0.5452955,1.557758,-0.8520261
1,Training,OnTask,-0.5463946,1.558241,-0.8520154
1,Training,OnTask,-0.5473826,1.558871,-0.8518705
1,Training,OnTask,-0.5485407,1.559451,-0.8518966
1,Training,OnTask,-0.5495685,1.56011,-0.8519135
1,Training,OnTask,-0.5507272,1.560703,-0.8519854
1,Training,OnTask,-0.5518858,1.56133,-0.852093
1,Training,OnTask,-0.5532115,1.561774,-0.8522419
1,Training,OnTask,-0.5543854,1.562281,-0.8522835
1,Training,OnTask,-0.5555782,1.562882,-0.8522319
1,Training,OnTask,-0.556838,1.563331,-0.8522385
1,Training,OnTask,-0.5582567,1.563721,-0.8522297
1,Training,OnTask,-0.5595668,1.564003,-0.852235
1,Training,OnTask,-0.5601872,1.564102,-0.852204
1,Training,OnTask,-0.5614317,1.564345,-0.8521399
1,Training,OnTask,-0.5626831,1.564478,-0.8520014
1,Training,OnTask,-0.5638497,1.564577,-0.8519094
1,Training,OnTask,-0.5649874,1.564601,-0.851722
1,Training,OnTask,-0.56558,1.56462,-0.8516297
1,Training,OnTask,-0.566545,1.564532,-0.8514144
1,Training,OnTask,-0.5673128,1.564462,-0.8512245
1,Training,OnTask,-0.5675601,1.564451,-0.8510979
1,Training,OnTask,-0.5678773,1.564529,-0.8509318
1,Training,OnTask,-0.5680087,1.564555,-0.8508387
1,Training,OnTask,-0.5680596,1.564597,-0.8505952
1,Training,OnTask,-0.5678681,1.564593,-0.8503467
1,Training,OnTask,-0.566955,1.564582,-0.8497224
1,Training,OnTask,-0.5660741,1.564476,-0.8493645
1,Training,OnTask,-0.5644374,1.564083,-0.8488177
1,Training,OnTask,-0.5634028,1.56371,-0.8486496
1,Training,OnTask,-0.562452,1.563591,-0.8486469
1,Training,OnTask,-0.56153,1.563531,-0.848715
1,Training,OnTask,-0.5607436,1.563602,-0.8488996
1,Training,OnTask,-0.5599179,1.563684,-0.8490447
1,Training,OnTask,-0.5591406,1.563655,-0.849261
1,Training,OnTask,-0.5584209,1.563651,-0.8494103
1,Training,OnTask,-0.5577735,1.563721,-0.849502
1,Training,OnTask,-0.557371,1.563745,-0.849679
1,Training,OnTask,-0.5570573,1.563726,-0.8497635
1,Training,OnTask,-0.5568631,1.563753,-0.84979
1,Training,OnTask,-0.5567416,1.563703,-0.8496782
1,Training,OnTask,-0.5566368,1.563823,-0.8493081
1,Training,OnTask,-0.5566435,1.563977,-0.8487005
1,Training,OnTask,-0.5566821,1.564026,-0.8478562
1,Training,OnTask,-0.556787,1.564001,-0.8466761
1,Training,OnTask,-0.5570061,1.563886,-0.845221
1,Training,OnTask,-0.557277,1.563613,-0.8435037
1,Training,OnTask,-0.5575339,1.563541,-0.8416575
1,Training,OnTask,-0.557751,1.563203,-0.8400277
1,Training,OnTask,-0.5580192,1.562788,-0.8386229
1,Training,OnTask,-0.5582221,1.562446,-0.8371266
1,Training,OnTask,-0.558417,1.562373,-0.8356568
1,Training,OnTask,-0.5585045,1.562394,-0.834325
1,Training,OnTask,-0.5584448,1.562539,-0.8329719
1,Training,OnTask,-0.5584252,1.562638,-0.8316079
1,Training,OnTask,-0.5583152,1.56258,-0.8302678
1,Training,OnTask,-0.5579971,1.562057,-0.8289493
1,Training,OnTask,-0.5575466,1.561305,-0.8277234
1,Training,OnTask,-0.5567564,1.560375,-0.826497
1,Training,OnTask,-0.5555428,1.559436,-0.8253194
1,Training,OnTask,-0.5537398,1.558614,-0.8241082
1,Training,OnTask,-0.5520475,1.558409,-0.8234551
1,Training,OnTask,-0.5503466,1.558128,-0.8229688
1,Training,OnTask,-0.5474855,1.55771,-0.8220695
1,Training,OnTask,-0.544012,1.557379,-0.8212489
1,Training,OnTask,-0.5421232,1.557179,-0.8208009
1,Training,OnTask,-0.5378453,1.556666,-0.8201663
1,Training,OnTask,-0.5329136,1.556133,-0.8195473
1,Training,OnTask,-0.5274218,1.555567,-0.8192213
1,Training,OnTask,-0.5213485,1.554908,-0.8190482
1,Training,OnTask,-0.5149475,1.554118,-0.8192652
1,Training,OnTask,-0.5080796,1.553246,-0.8199323
1,Training,OnTask,-0.5012081,1.552394,-0.8209058
1,Training,OnTask,-0.4944472,1.551604,-0.8222555
1,Training,OnTask,-0.487527,1.550802,-0.8240021
1,Training,OnTask,-0.4809133,1.550016,-0.8261461
1,Training,OnTask,-0.4744463,1.549264,-0.8286769
1,Training,OnTask,-0.4683155,1.548666,-0.831321
1,Training,OnTask,-0.4623172,1.548198,-0.8340945
1,Training,OnTask,-0.4566272,1.547767,-0.8368193
1,Training,OnTask,-0.4453834,1.546859,-0.8420986
1,Training,OnTask,-0.4411183,1.546635,-0.8453618
1,Training,OnTask,-0.4372737,1.546425,-0.8483313
1,Training,OnTask,-0.434207,1.546149,-0.8507761
1,Training,OnTask,-0.4310405,1.545814,-0.8534468
1,Training,OnTask,-0.4283729,1.545601,-0.8560762
1,Training,OnTask,-0.4260507,1.545726,-0.8583498
1,Training,OnTask,-0.4241292,1.545783,-0.8602535
1,Training,OnTask,-0.4224487,1.545868,-0.8619969
1,Training,OnTask,-0.4210776,1.546096,-0.8639956
1,Training,OnTask,-0.4201459,1.546408,-0.865677
1,Training,OnTask,-0.4192699,1.546702,-0.8673196
1,Training,OnTask,-0.4186892,1.547057,-0.8688762
1,Training,OnTask,-0.4182103,1.547469,-0.8703552
1,Training,OnTask,-0.4177688,1.547952,-0.8717269
1,Training,OnTask,-0.417235,1.548621,-0.8730473
1,Training,OnTask,-0.416853,1.549218,-0.8742746
1,Training,OnTask,-0.4163342,1.549673,-0.8756284
1,Training,OnTask,-0.4159421,1.550192,-0.8769739
1,Training,OnTask,-0.4154434,1.550597,-0.8781395
1,Training,OnTask,-0.4151917,1.551029,-0.8792198
1,Training,OnTask,-0.4149595,1.551475,-0.880217
1,Training,OnTask,-0.4148236,1.551769,-0.8809886
1,Training,OnTask,-0.4147489,1.552202,-0.8816319
1,Training,OnTask,-0.4146165,1.552786,-0.8822637
1,Training,OnTask,-0.4146078,1.553272,-0.8830302
1,Training,OnTask,-0.4141518,1.553952,-0.8837432
1,Training,OnTask,-0.4132432,1.555357,-0.8845603
1,Training,OnTask,-0.4122356,1.55675,-0.8855296
1,Training,OnTask,-0.4110068,1.558177,-0.8866911
1,Training,OnTask,-0.4097158,1.559526,-0.8880736
1,Training,OnTask,-0.4083647,1.56092,-0.8895452
1,Training,OnTask,-0.4069341,1.562163,-0.8909563
1,Training,OnTask,-0.405378,1.563153,-0.8922623
1,Training,OnTask,-0.4039066,1.564234,-0.8935646
1,Training,OnTask,-0.4021603,1.565115,-0.8948424
1,Training,OnTask,-0.400464,1.565565,-0.8961212
1,Training,OnTask,-0.3987286,1.565814,-0.8972902
1,Training,OnTask,-0.3969472,1.566003,-0.8983289
1,Training,OnTask,-0.3951658,1.566097,-0.8993171
1,Training,OnTask,-0.3932735,1.566352,-0.9002565
1,Training,OnTask,-0.3913324,1.566612,-0.9012329
1,Training,OnTask,-0.3895394,1.566682,-0.9021331
1,Training,OnTask,-0.3878702,1.566428,-0.9029461
1,Training,OnTask,-0.3862895,1.566283,-0.9035302
1,Training,OnTask,-0.3848939,1.566246,-0.903593
1,Training,OnTask,-0.3833138,1.566286,-0.9037744
1,Training,OnTask,-0.3818333,1.566277,-0.9037691
1,Training,OnTask,-0.3805501,1.566223,-0.9036427
1,Training,OnTask,-0.3792098,1.566181,-0.9034289
1,Training,OnTask,-0.3778948,1.566176,-0.903127
1,Training,OnTask,-0.3766869,1.566186,-0.9028051
1,Training,OnTask,-0.3754261,1.566345,-0.9023023
1,Training,OnTask,-0.3743029,1.566592,-0.9018224
1,Training,OnTask,-0.3732601,1.566777,-0.9014154
1,Training,OnTask,-0.3722924,1.5671,-0.9010414
1,Training,OnTask,-0.3712693,1.567497,-0.9005257
1,Training,OnTask,-0.3703821,1.56833,-0.8999071
1,Training,OnTask,-0.3695341,1.569482,-0.8993509
1,Training,OnTask,-0.3687446,1.570815,-0.8988148
1,Training,OnTask,-0.3680165,1.57204,-0.898473
1,Training,OnTask,-0.3673965,1.572894,-0.8981782
1,Training,OnTask,-0.366683,1.573472,-0.8980501
1,Training,OnTask,-0.3658117,1.574117,-0.897705
1,Training,OnTask,-0.3648768,1.574578,-0.8972604
1,Training,OnTask,-0.3643988,1.574702,-0.8970267
1,Training,OnTask,-0.363947,1.574744,-0.8967873
1,Training,OnTask,-0.3630425,1.574927,-0.8962824
1,Training,OnTask,-0.3621213,1.575026,-0.8957158
1,Training,OnTask,-0.3611686,1.575096,-0.8950983
1,Training,OnTask,-0.3602062,1.575181,-0.8945304
1,Training,OnTask,-0.3592325,1.575284,-0.8938566
1,Training,OnTask,-0.358406,1.575377,-0.8931222
1,Training,OnTask,-0.3575523,1.575389,-0.8924
1,Training,OnTask,-0.3567596,1.575307,-0.8915279
1,Training,OnTask,-0.3560081,1.575218,-0.8906403
1,Training,OnTask,-0.3551625,1.575177,-0.889555
1,Training,OnTask,-0.3544217,1.575133,-0.8884141
1,Training,OnTask,-0.3536615,1.574967,-0.8872572
1,Training,OnTask,-0.3529767,1.574772,-0.8860061
1,Training,OnTask,-0.3522855,1.574602,-0.8847704
1,Training,OnTask,-0.3516102,1.574492,-0.8834471
1,Training,OnTask,-0.3509124,1.574324,-0.882043
1,Training,OnTask,-0.3502202,1.574323,-0.8806953
1,Training,OnTask,-0.349476,1.574547,-0.8793544
1,Training,OnTask,-0.3487132,1.574848,-0.8779901
1,Training,OnTask,-0.3479154,1.575147,-0.8765987
1,Training,OnTask,-0.3471183,1.575586,-0.8751236
1,Training,OnTask,-0.3464026,1.57601,-0.8735573
1,Training,OnTask,-0.3455838,1.576493,-0.8718188
1,Training,OnTask,-0.3447623,1.57683,-0.8701546
1,Training,OnTask,-0.3439091,1.577063,-0.868411
1,Training,OnTask,-0.3430521,1.577249,-0.8665674
1,Training,OnTask,-0.3421668,1.577229,-0.8647202
1,Training,OnTask,-0.3412024,1.577317,-0.8629037
1,Training,OnTask,-0.3402158,1.577375,-0.861062
1,Training,OnTask,-0.3391979,1.577441,-0.8593159
1,Training,OnTask,-0.3379914,1.57764,-0.8578919
1,Training,OnTask,-0.3367916,1.577976,-0.8563836
1,Training,OnTask,-0.3355671,1.578444,-0.8549273
1,Training,OnTask,-0.3343234,1.578926,-0.8535695
1,Training,OnTask,-0.3330265,1.579403,-0.8523824
1,Training,OnTask,-0.3317207,1.579626,-0.8511429
1,Training,OnTask,-0.3302823,1.579913,-0.849988
1,Training,OnTask,-0.3287058,1.580116,-0.8488507
1,Training,OnTask,-0.3270007,1.580492,-0.847591
1,Training,OnTask,-0.3251578,1.580897,-0.8461915
1,Training,OnTask,-0.3232957,1.581295,-0.8445994
1,Training,OnTask,-0.3214175,1.581605,-0.8428878
1,Training,OnTask,-0.3196075,1.581792,-0.8409805
1,Training,OnTask,-0.3178201,1.581673,-0.8388543
1,Training,OnTask,-0.3161334,1.581302,-0.8364047
1,Training,OnTask,-0.3146164,1.580879,-0.8337398
1,Training,OnTask,-0.3134049,1.58032,-0.8306673
1,Training,OnTask,-0.3123522,1.579757,-0.8273227
1,Training,OnTask,-0.3115696,1.579351,-0.8238767
1,Training,OnTask,-0.3110498,1.579043,-0.8201311
1,Training,OnTask,-0.3107507,1.578748,-0.8160611
1,Training,OnTask,-0.3107252,1.578654,-0.8117026
1,Training,OnTask,-0.31085,1.578597,-0.8071405
1,Training,OnTask,-0.311032,1.578442,-0.8023902
1,Training,OnTask,-0.3113526,1.577956,-0.7973585
1,Training,OnTask,-0.3116987,1.577612,-0.7921779
1,Training,OnTask,-0.3120466,1.576866,-0.7868207
1,Training,OnTask,-0.3125735,1.576442,-0.78136
1,Training,OnTask,-0.3132181,1.575916,-0.7758451
1,Training,OnTask,-0.3140758,1.575314,-0.77032
1,Training,OnTask,-0.315136,1.574914,-0.7645971
1,Training,OnTask,-0.3164197,1.574409,-0.7588813
1,Training,OnTask,-0.317983,1.573727,-0.7531834
1,Training,OnTask,-0.3198112,1.573326,-0.7474695
1,Training,OnTask,-0.3218004,1.57352,-0.7416442
1,Training,OnTask,-0.3240492,1.573895,-0.7356634
1,Training,OnTask,-0.3262108,1.574644,-0.7292427
1,Training,OnTask,-0.3284232,1.575654,-0.7225404
1,Training,OnTask,-0.3306223,1.5764,-0.7157151
1,Training,OnTask,-0.3327637,1.577183,-0.7085944
1,Training,OnTask,-0.3346821,1.577772,-0.7013662
1,Training,OnTask,-0.336506,1.578154,-0.6939881
1,Training,OnTask,-0.338203,1.578162,-0.6867415
1,Training,OnTask,-0.3396495,1.578017,-0.6797184
1,Training,OnTask,-0.3408967,1.578379,-0.6731935
1,Training,OnTask,-0.3419491,1.577624,-0.6670936
1,Training,OnTask,-0.342738,1.576173,-0.6612964
1,Training,OnTask,-0.3430193,1.574195,-0.6555642
1,Training,OnTask,-0.3426312,1.572369,-0.6499244
1,Training,OnTask,-0.3417368,1.571419,-0.6445259
1,Training,OnTask,-0.3406605,1.570908,-0.639565
1,Training,OnTask,-0.3394158,1.570404,-0.6350749
1,Training,OnTask,-0.3379291,1.570393,-0.6309839
1,Training,OnTask,-0.3364307,1.570556,-0.6270971
1,Training,OnTask,-0.3346222,1.570309,-0.6236203
1,Training,OnTask,-0.3325455,1.569921,-0.6201283
1,Training,OnTask,-0.3300408,1.569505,-0.6169553
1,Training,OnTask,-0.3248951,1.568284,-0.6109715
1,Training,OnTask,-0.3219442,1.567244,-0.6080196
1,Training,OnTask,-0.3187386,1.565998,-0.6051309
1,Training,OnTask,-0.3151039,1.56471,-0.6021628
1,Training,OnTask,-0.3106773,1.563443,-0.5992496
1,Training,OnTask,-0.305945,1.562061,-0.5964174
1,Training,OnTask,-0.3009517,1.560413,-0.5936971
1,Training,OnTask,-0.2956558,1.558558,-0.5911207
1,Training,OnTask,-0.290062,1.55628,-0.5886354
1,Training,OnTask,-0.284175,1.553342,-0.5861253
1,Training,OnTask,-0.2781513,1.549591,-0.5835897
1,Training,OnTask,-0.2718953,1.544973,-0.580972
1,Training,OnTask,-0.2654122,1.539544,-0.5783557
1,Training,OnTask,-0.2587524,1.533534,-0.5758896
1,Training,OnTask,-0.2515866,1.527616,-0.5731493
1,Training,OnTask,-0.243762,1.521825,-0.5703161
1,Training,OnTask,-0.2352796,1.516477,-0.5675466
1,Training,OnTask,-0.2263041,1.511286,-0.564988
1,Training,OnTask,-0.2170468,1.506234,-0.5624564
1,Training,OnTask,-0.2071265,1.501639,-0.5598588
1,Training,OnTask,-0.1965801,1.498176,-0.5573202
1,Training,OnTask,-0.1851069,1.495869,-0.5547364
1,Training,OnTask,-0.1727426,1.494416,-0.5522137
1,Training,OnTask,-0.1598688,1.493331,-0.5498545
1,Training,OnTask,-0.1462136,1.493098,-0.5476447
1,Training,OnTask,-0.1318862,1.49329,-0.5453837
1,Training,OnTask,-0.1168642,1.493801,-0.542991
1,Training,OnTask,-0.1012173,1.495172,-0.5406181
1,Training,OnTask,-0.08483005,1.497399,-0.5379468
1,Training,OnTask,-0.06733964,1.500706,-0.5351124
1,Training,OnTask,-0.04891875,1.505471,-0.5319583
1,Training,OnTask,-0.0302178,1.510438,-0.5290468
1,Training,OnTask,-0.01147372,1.514802,-0.5263347
1,Training,OnTask,0.007091099,1.519188,-0.523531
1,Training,OnTask,0.02533852,1.524392,-0.5209712
1,Training,OnTask,0.04278321,1.530112,-0.518971
1,Training,OnTask,0.0511019,1.532926,-0.5180644
1,Training,OnTask,0.06692211,1.538192,-0.5166373
1,Training,OnTask,0.08208102,1.542688,-0.515052
1,Training,OnTask,0.0966338,1.546712,-0.5131285
1,Training,OnTask,0.1108386,1.550194,-0.510745
1,Training,OnTask,0.1246193,1.553573,-0.5076754
1,Training,OnTask,0.1376772,1.556826,-0.5039937
1,Training,OnTask,0.1439604,1.558325,-0.5019318
1,Training,OnTask,0.1562758,1.561093,-0.49753
1,Training,OnTask,0.1682311,1.563453,-0.4926676
1,Training,OnTask,0.17995,1.565145,-0.4872158
1,Training,OnTask,0.1857804,1.565802,-0.484401
1,Training,OnTask,0.1975011,1.566664,-0.4782372
1,Training,OnTask,0.2034966,1.56684,-0.4749149
1,Training,OnTask,0.2153336,1.566859,-0.4680101
1,Training,OnTask,0.2273218,1.566121,-0.4608852
1,Training,OnTask,0.2393909,1.56462,-0.4532275
1,Training,OnTask,0.2455212,1.563609,-0.4492525
1,Training,OnTask,0.2578145,1.561393,-0.4413728
1,Training,OnTask,0.2639302,1.56013,-0.4373586
1,Training,OnTask,0.2763631,1.557281,-0.4290772
1,Training,OnTask,0.2827427,1.555768,-0.4248712
1,Training,OnTask,0.2954172,1.552398,-0.4163275
1,Training,OnTask,0.3018178,1.550577,-0.4119868
1,Training,OnTask,0.3145452,1.546446,-0.4032254
1,Training,OnTask,0.3209105,1.544379,-0.3986762
1,Training,OnTask,0.333732,1.540206,-0.3892335
1,Training,OnTask,0.3401311,1.53809,-0.3843385
1,Training,OnTask,0.3526012,1.533767,-0.3743222
1,Training,OnTask,0.3588128,1.531812,-0.3691392
1,Training,OnTask,0.3712477,1.528592,-0.3582783
1,Training,OnTask,0.3773687,1.527281,-0.3527452
1,Training,OnTask,0.3896626,1.525365,-0.3411723
1,Training,OnTask,0.4020752,1.523841,-0.3291057
1,Training,OnTask,0.4084911,1.523532,-0.3228142
1,Training,OnTask,0.422127,1.524149,-0.3102189
1,Training,OnTask,0.4293429,1.525322,-0.3037468
1,Training,OnTask,0.4438004,1.527143,-0.2912214
1,Training,OnTask,0.4511605,1.52809,-0.2850443
1,Training,OnTask,0.4662811,1.531466,-0.2733129
1,Training,OnTask,0.4737745,1.532923,-0.2676209
1,Training,OnTask,0.4885138,1.534267,-0.2572336
1,Training,OnTask,0.49576,1.534105,-0.2526409
1,Training,OnTask,0.5104097,1.535097,-0.2437666
1,Training,OnTask,0.5177312,1.536353,-0.2396006
1,Training,OnTask,0.5325913,1.539188,-0.2321812
1,Training,OnTask,0.5397869,1.540743,-0.2289359
1,Training,OnTask,0.55434,1.544323,-0.2228884
1,Training,OnTask,0.5615854,1.546236,-0.220248
1,Training,OnTask,0.5759308,1.550039,-0.2154655
1,Training,OnTask,0.5830193,1.55188,-0.2131632
1,Training,OnTask,0.5973341,1.55472,-0.208911
1,Training,OnTask,0.6044376,1.556,-0.2067425
1,Training,OnTask,0.6188333,1.557879,-0.2026008
1,Training,OnTask,0.6261734,1.558502,-0.200507
1,Training,OnTask,0.640726,1.558977,-0.1962192
1,Training,OnTask,0.6481926,1.558742,-0.1940982
1,Training,OnTask,0.6632224,1.558142,-0.1897971
1,Training,OnTask,0.6708447,1.557588,-0.1876915
1,Training,OnTask,0.6864433,1.555471,-0.1834294
1,Training,OnTask,0.6943195,1.554201,-0.1813367
1,Training,OnTask,0.7103664,1.551402,-0.1772563
1,Training,OnTask,0.7185876,1.549836,-0.1752506
1,Training,OnTask,0.7350693,1.546499,-0.1714913
1,Training,OnTask,0.7434242,1.54466,-0.1695454
1,Training,OnTask,0.7603997,1.540913,-0.1658182
1,Training,OnTask,0.7690266,1.538995,-0.1640435
1,Training,OnTask,0.7868196,1.534978,-0.1604847
1,Training,OnTask,0.7959188,1.533175,-0.1586592
1,Training,OnTask,0.8146384,1.529826,-0.1552055
1,Training,OnTask,0.8241012,1.528295,-0.153474
1,Training,OnTask,0.8434546,1.525854,-0.1503508
1,Training,OnTask,0.853341,1.524905,-0.1487882
1,Training,OnTask,0.8731622,1.523069,-0.1459533
1,Training,OnTask,0.8830408,1.522108,-0.1446752
1,Training,OnTask,0.9031019,1.520509,-0.1421195
1,Training,OnTask,0.9132091,1.520071,-0.1408419
1,Training,OnTask,0.9336921,1.519764,-0.1385771
1,Training,OnTask,0.9440297,1.519959,-0.1375435
1,Training,OnTask,0.9645112,1.520356,-0.1354812
1,Training,OnTask,0.974605,1.520652,-0.1346095
1,Training,OnTask,0.994423,1.522156,-0.1329216
1,Training,OnTask,1.004084,1.523482,-0.1321287
1,Training,OnTask,1.022524,1.527096,-0.1306548
1,Training,OnTask,1.031295,1.529384,-0.1299599
1,Training,OnTask,1.047805,1.533305,-0.128668
1,Training,OnTask,1.055526,1.535389,-0.1281393
1,Training,OnTask,1.069972,1.539626,-0.1268792
1,Training,OnTask,1.076868,1.54185,-0.1261778
1,Training,OnTask,1.089669,1.5464,-0.1247303
1,Training,OnTask,1.095688,1.548406,-0.1239235
1,Training,OnTask,1.107003,1.551892,-0.122131
1,Training,OnTask,1.112424,1.55341,-0.1212233
1,Training,OnTask,1.12258,1.555384,-0.1195173
1,Training,OnTask,1.127612,1.556154,-0.1185776
1,Training,OnTask,1.137043,1.556946,-0.1168157
1,Training,OnTask,1.141769,1.55728,-0.1159227
1,Training,OnTask,1.150766,1.557513,-0.1139999
1,Training,OnTask,1.155023,1.557432,-0.1129847
1,Training,OnTask,1.163307,1.557096,-0.110897
1,Training,OnTask,1.167231,1.556881,-0.1098422
1,Training,OnTask,1.17449,1.556035,-0.1076969
1,Training,OnTask,1.177819,1.555352,-0.1066663
1,Training,OnTask,1.183704,1.553867,-0.1048176
1,Training,OnTask,1.186397,1.553273,-0.1038812
1,Training,OnTask,1.191586,1.553615,-0.1016504
1,Training,OnTask,1.194162,1.554882,-0.1002128
1,Training,OnTask,1.197984,1.556223,-0.09767124
1,Training,OnTask,1.19977,1.556301,-0.09631909
1,Training,OnTask,1.202902,1.557359,-0.09372364
1,Training,OnTask,1.204624,1.557965,-0.09241298
1,Training,OnTask,1.208218,1.55776,-0.08989622
1,Training,OnTask,1.21004,1.55704,-0.08878728
1,Training,OnTask,1.213766,1.556158,-0.08649898
1,Training,OnTask,1.2156,1.555982,-0.08549802
1,Training,OnTask,1.219651,1.555233,-0.08404763
1,Training,OnTask,1.221619,1.554668,-0.08344389
1,Training,OnTask,1.225973,1.554228,-0.08242488
1,Training,OnTask,1.228395,1.554385,-0.08219627
1,Training,OnTask,1.23376,1.555213,-0.08195028
1,Training,OnTask,1.236585,1.555595,-0.08202945
1,Training,OnTask,1.242271,1.556086,-0.08216517
1,Training,OnTask,1.245054,1.55612,-0.08240737
1,Training,OnTask,1.250586,1.554915,-0.08337393
1,Training,OnTask,1.253433,1.553771,-0.08385091
1,Training,OnTask,1.25918,1.550918,-0.08464354
1,Training,OnTask,1.262308,1.549119,-0.08507577
1,Training,OnTask,1.268484,1.545592,-0.08591341
1,Training,OnTask,1.271254,1.544066,-0.08634194
1,Training,OnTask,1.276532,1.542091,-0.08691281
1,Training,OnTask,1.279047,1.542109,-0.08688746
1,Training,OnTask,1.284089,1.543688,-0.08666195
1,Training,OnTask,1.286448,1.544698,-0.08660106
1,Training,OnTask,1.290736,1.546671,-0.08658534
1,Training,OnTask,1.292599,1.547995,-0.08659798
1,Training,OnTask,1.295902,1.551483,-0.0865166
1,Training,OnTask,1.297409,1.553081,-0.08646431
1,Training,OnTask,1.300004,1.555565,-0.0865372
1,Training,OnTask,1.301131,1.556306,-0.08657158
1,Training,OnTask,1.302918,1.557414,-0.0865207
1,Training,OnTask,1.30365,1.55764,-0.08645845
1,Training,OnTask,1.305276,1.55801,-0.08613303
1,Training,OnTask,1.305901,1.55798,-0.08593366
1,Training,OnTask,1.307059,1.557693,-0.08545244
1,Training,OnTask,1.307632,1.557342,-0.08523361
1,Training,OnTask,1.308719,1.556394,-0.08481412
1,Training,OnTask,1.309192,1.555895,-0.08456635
1,Training,OnTask,1.309919,1.555175,-0.08411956
1,Training,OnTask,1.310171,1.554823,-0.08399419
1,Training,OnTask,1.31005,1.554208,-0.08396271
1,Training,OnTask,1.309815,1.55394,-0.08398955
1,Training,OnTask,1.308733,1.553881,-0.08399607
1,Training,OnTask,1.308087,1.554047,-0.08394869
1,Training,OnTask,1.306244,1.554884,-0.08374979
1,Training,OnTask,1.305288,1.555271,-0.08362351
1,Training,OnTask,1.30267,1.555589,-0.08363728
1,Training,OnTask,1.301263,1.555683,-0.0838851
1,Training,OnTask,1.298149,1.555717,-0.08431814
1,Training,OnTask,1.296422,1.555574,-0.08456148
1,Training,OnTask,1.292611,1.555243,-0.08514221
1,Training,OnTask,1.290557,1.55512,-0.08543234
1,Training,OnTask,1.286383,1.554991,-0.08592235
1,Training,OnTask,1.284171,1.554862,-0.08617984
1,Training,OnTask,1.279483,1.554732,-0.08668809
1,Training,OnTask,1.277076,1.554631,-0.08689439
1,Training,OnTask,1.272011,1.554347,-0.08741279
1,Training,OnTask,1.269405,1.554187,-0.08767152
1,Training,OnTask,1.264236,1.553982,-0.08804812
1,Training,OnTask,1.26169,1.553925,-0.08828396
1,Training,OnTask,1.256598,1.5536,-0.08861969
1,Training,OnTask,1.254018,1.553639,-0.08876659
1,Training,OnTask,1.248819,1.554862,-0.08868983
1,Training,OnTask,1.243785,1.556199,-0.08869059
1,Training,OnTask,1.241402,1.556381,-0.08882312
1,Training,OnTask,1.236686,1.556996,-0.08906625
1,Training,OnTask,1.234457,1.557406,-0.08915335
1,Training,OnTask,1.230064,1.558432,-0.08919507
1,Training,OnTask,1.227994,1.558887,-0.08913691
1,Training,OnTask,1.223919,1.559455,-0.08902249
1,Training,OnTask,1.221891,1.559638,-0.08897354
1,Training,OnTask,1.21788,1.560059,-0.08883076
1,Training,OnTask,1.215844,1.560172,-0.08871911
1,Training,OnTask,1.211965,1.560092,-0.08855048
1,Training,OnTask,1.210032,1.559963,-0.0884555
1,Training,OnTask,1.206141,1.559527,-0.08825786
1,Training,OnTask,1.204148,1.559282,-0.08822954
1,Training,OnTask,1.200123,1.558771,-0.08808234
1,Training,OnTask,1.198121,1.558604,-0.08805409
1,Training,OnTask,1.1938,1.558321,-0.08806005
1,Training,OnTask,1.191623,1.558214,-0.08809178
1,Training,OnTask,1.187294,1.558056,-0.08811602
1,Training,OnTask,1.185194,1.558021,-0.08818604
1,Training,OnTask,1.180692,1.55782,-0.08836782
1,Training,OnTask,1.17836,1.557743,-0.08848408
1,Training,OnTask,1.173767,1.557299,-0.08875754
1,Training,OnTask,1.171397,1.557037,-0.08887511
1,Training,OnTask,1.166636,1.556511,-0.08898629
1,Training,OnTask,1.164372,1.556256,-0.08902574
1,Training,OnTask,1.159783,1.555776,-0.0890255
1,Training,OnTask,1.15756,1.555466,-0.08907017
1,Training,OnTask,1.153243,1.554714,-0.08925921
1,Training,OnTask,1.151139,1.554397,-0.08937627
1,Training,OnTask,1.147187,1.553748,-0.08968583
1,Training,OnTask,1.145282,1.553509,-0.08989798
1,Training,OnTask,1.141861,1.553273,-0.09050178
1,Training,OnTask,1.14015,1.553219,-0.09087156
1,Training,OnTask,1.137131,1.553567,-0.09169111
1,Training,OnTask,1.135698,1.553809,-0.09211377
1,Training,OnTask,1.133155,1.5546,-0.09308916
1,Training,OnTask,1.131917,1.554966,-0.09353933
1,Training,OnTask,1.129761,1.555866,-0.09454516
1,Training,OnTask,1.12888,1.556253,-0.09498829
1,Training,OnTask,1.12718,1.556838,-0.09606075
1,Training,OnTask,1.126474,1.557225,-0.09659781
1,Training,OnTask,1.125317,1.557954,-0.09759858
1,Training,OnTask,1.124827,1.558316,-0.09823214
1,Training,OnTask,1.124068,1.558828,-0.09935616
1,Training,OnTask,1.123739,1.559033,-0.09986106
1,Training,OnTask,1.123495,1.559446,-0.1007771
1,Training,OnTask,1.123433,1.559684,-0.101212
1,Training,OnTask,1.123578,1.560426,-0.102022
1,Training,OnTask,1.123685,1.560716,-0.1024317
1,Training,OnTask,1.124232,1.561131,-0.1032524
1,Training,OnTask,1.124992,1.561406,-0.1040761
1,Training,OnTask,1.12545,1.561512,-0.1044292
1,Training,OnTask,1.126489,1.561547,-0.1050831
1,Training,OnTask,1.127045,1.561534,-0.1053989
1,Training,OnTask,1.128582,1.562321,-0.1056679
1,Training,OnTask,1.129455,1.563496,-0.1055446
1,Training,OnTask,1.131077,1.563483,-0.1062185
1,Training,OnTask,1.132022,1.563293,-0.106315
1,Training,OnTask,1.133878,1.563929,-0.1063977
1,Training,OnTask,1.13499,1.564066,-0.106417
1,Training,OnTask,1.13721,1.563916,-0.1063151
1,Training,OnTask,1.138284,1.563607,-0.1062778
1,Training,OnTask,1.140624,1.562752,-0.1061916
1,Training,OnTask,1.141737,1.56255,-0.1061383
1,Training,OnTask,1.143937,1.562377,-0.1060064
1,Training,OnTask,1.145066,1.562271,-0.1058657
1,Training,OnTask,1.147319,1.562064,-0.1056846
1,Training,OnTask,1.148421,1.561928,-0.1057104
1,Training,OnTask,1.150595,1.561736,-0.1058174
1,Training,OnTask,1.151678,1.561703,-0.1059002
1,Training,OnTask,1.153857,1.561688,-0.1060202
1,Training,OnTask,1.154969,1.561731,-0.1060723
1,Training,OnTask,1.157207,1.561692,-0.1060654
1,Training,OnTask,1.158315,1.561594,-0.105993
1,Training,OnTask,1.160524,1.561166,-0.1059146
1,Training,OnTask,1.162603,1.560584,-0.1058929
1,Training,OnTask,1.163549,1.560325,-0.1059325
1,Training,OnTask,1.165467,1.559852,-0.1058777
1,Training,OnTask,1.166439,1.559685,-0.1058071
1,Training,OnTask,1.168241,1.559414,-0.105704
1,Training,OnTask,1.169004,1.559433,-0.1056545
1,Training,OnTask,1.170598,1.559521,-0.1054858
1,Training,OnTask,1.17135,1.559694,-0.1053318
1,Training,OnTask,1.172774,1.560104,-0.1048553
1,Training,OnTask,1.173469,1.560312,-0.1044485
1,Training,OnTask,1.174658,1.560527,-0.1036159
1,Training,OnTask,1.175143,1.560522,-0.1031132
1,Training,OnTask,1.175855,1.560656,-0.10191
1,Training,OnTask,1.176101,1.560801,-0.1012416
1,Training,OnTask,1.176301,1.561245,-0.09985979
1,Training,OnTask,1.176232,1.561508,-0.09913138
1,Training,OnTask,1.175659,1.561923,-0.09783445
1,Training,OnTask,1.175149,1.56208,-0.09732661
1,Training,OnTask,1.173692,1.562267,-0.09644939
1,Training,OnTask,1.171395,1.562205,-0.09601983
1,Training,OnTask,1.168318,1.561939,-0.09611341
1,Training,OnTask,1.164468,1.561507,-0.09654179
